,Bear,Recovery,Bull
Bear,0.970765,0,0.029235
Recovery,0,0.960568,0.039432
Bull,0.038963,0.039156,0.921882
