,Bull,Bear,Recovery
Bull,0.934763,0,0.065237
Bear,0,0.920591,0.079409
Recovery,0.051335,0.052261,0.896404
