,Bull,Recovery,Bear
Bull,0.909032,0.028533,0.062435
Recovery,0.118423,0.881577,0
Bear,0.607653,0.392347,0
